{"cameraMode":{"drawMode":0,"name":"Shaded","section":"Shading Mode"},"sceneLighting":false,"audioPlay":false,"sceneViewState":{"showFog":true,"showMaterialUpdate":false,"showSkybox":false,"showFlares":true,"showImageEffects":true,"showParticleSystems":true},"in2DMode":false,"pivot":{"x":2.1078827381134035,"y":0.336361289024353,"z":0.01311008632183075},"rotation":{"x":0.14645475149154664,"y":-0.014837652444839478,"z":0.002196977147832513,"w":0.9891037344932556},"size":1.0406996011734009,"orthographic":false}