{"cameraMode":{"drawMode":0,"name":"Shaded","section":"Shading Mode"},"sceneLighting":true,"audioPlay":false,"sceneViewState":{"showFog":true,"showMaterialUpdate":false,"showSkybox":true,"showFlares":true,"showImageEffects":true,"showParticleSystems":true},"in2DMode":false,"pivot":{"x":18.472171783447267,"y":0.5811052918434143,"z":-3.814089775085449},"rotation":{"x":0.001045109936967492,"y":0.9760394096374512,"z":-0.21755418181419373,"w":0.004686171654611826},"size":17.60390853881836,"orthographic":false}