{"cameraMode":{"drawMode":0,"name":"Shaded","section":"Shading Mode"},"sceneLighting":false,"audioPlay":false,"sceneViewState":{"showFog":true,"showMaterialUpdate":false,"showSkybox":false,"showFlares":true,"showImageEffects":true,"showParticleSystems":true},"in2DMode":false,"pivot":{"x":2.119999885559082,"y":0.09600000083446503,"z":0.0},"rotation":{"x":0.002011307515203953,"y":0.963342547416687,"z":-0.26816922426223757,"w":0.007225206587463617},"size":3.9452340602874758,"orthographic":false}