{"cameraMode":{"drawMode":0,"name":"Shaded","section":"Shading Mode"},"sceneLighting":true,"audioPlay":false,"sceneViewState":{"showFog":true,"showMaterialUpdate":false,"showSkybox":true,"showFlares":true,"showImageEffects":true,"showParticleSystems":true},"in2DMode":false,"pivot":{"x":2.4276180267333986,"y":0.600814163684845,"z":-0.3148057460784912},"rotation":{"x":0.00015749277372378856,"y":0.9998326301574707,"z":-0.010498621501028538,"w":0.014998613856732846},"size":1.1982083320617676,"orthographic":false}