{"cameraMode":{"drawMode":0,"name":"Shaded","section":"Shading Mode"},"sceneLighting":false,"audioPlay":false,"sceneViewState":{"showFog":true,"showMaterialUpdate":false,"showSkybox":false,"showFlares":true,"showImageEffects":true,"showParticleSystems":true},"in2DMode":false,"pivot":{"x":0.18579521775245667,"y":-0.03987804427742958,"z":-1.0910167694091797},"rotation":{"x":0.016923699527978898,"y":0.9765855073928833,"z":-0.197455495595932,"w":0.08370214700698853},"size":2.9982082843780519,"orthographic":false}